,债券简称,正股代码,上市时间,代码,名称,最新价,涨跌幅,涨跌额,成交量,成交额,振幅,最高,最低,今开,昨收,量比
0,利群转债,601366,2020-04-21T00:00:00,601366,利群股份,6.26,3.07%,0.08,86010,54153463.0,3.07%,6.38,6.19,6.22,6.18,0.93
1,同德转债,2360,2020-04-21T00:00:00,2360,同德化工,5.16,0.96%,-0.03,11104,5755326.0,0.96%,5.21,5.16,5.2,5.19,1.14
2,龙净转债,600388,2020-04-15T00:00:00,600388,龙净环保,9.42,4.77%,0.4,129971,120655601.0,4.77%,9.48,9.05,9.09,9.02,4.95
3,海大转债,2311,2020-04-16T00:00:00,2311,海大集团,43.93,3.04%,0.25,41456,182756572.0,3.04%,44.8,43.47,43.78,43.68,1.21
4,海大转债,2311,2020-04-16T00:00:00,2311,海大集团,43.9,3.04%,0.22,41489,182901454.0,3.04%,44.8,43.47,43.78,43.68,1.2
5,天铁转债,300587,2020-04-17T00:00:00,300587,天铁股份,18.17,2.68%,0.24,34309,61723645.0,2.68%,18.26,17.78,18.11,17.93,1.13
6,红相转债,300427,2020-04-13T00:00:00,300427,红相股份,-,-%,-,-,-,-%,-,-,-,21.05,-
7,华安转债,600909,2020-04-09T00:00:00,600909,华安证券,7.14,1.25%,-0.07,140612,100677767.0,1.25%,7.22,7.13,7.21,7.21,0.64
8,博特转债,603916,2020-04-01T00:00:00,603916,苏博特,26.24,4.04%,0.76,36361,93374341.0,4.04%,26.26,25.23,25.23,25.48,1.0
9,搜特转债,2503,2020-04-09T00:00:00,2503,搜于特,3.78,4.86%,0.08,1473879,558229616.0,4.86%,3.87,3.69,3.73,3.7,1.57
10,百达转债,603331,2020-04-08T00:00:00,603331,百达精工,16.93,1.24%,0.03,3612,6095777.0,1.24%,16.96,16.75,16.88,16.9,0.83
11,百达转债,603331,2020-04-08T00:00:00,603331,百达精工,16.9,1.24%,0.0,3638,6139717.0,1.24%,16.96,16.75,16.88,16.9,0.84
12,科达转债,603660,2020-04-08T00:00:00,603660,苏州科达,10.16,4.34%,-1.13,230852,239711277.0,4.34%,10.65,10.16,10.44,11.29,7.76
13,新春转债,603667,2020-04-02T00:00:00,603667,五洲新春,7.96,0.87%,-0.05,5002,3992964.0,0.87%,8.02,7.95,8.02,8.01,0.76
14,正元转债,300645,2020-03-31T00:00:00,300645,正元智慧,14.94,1.14%,-0.03,9861,14775102.0,1.14%,15.08,14.91,14.96,14.97,0.48
15,康弘转债,2773,2020-03-31T00:00:00,2773,康弘药业,39.0,4.0%,-0.53,19764,78197999.0,4.0%,40.49,38.91,39.59,39.53,1.5
16,康弘转债,2773,2020-03-31T00:00:00,2773,康弘药业,38.96,4.0%,-0.57,19774,78236971.0,4.0%,40.49,38.91,39.59,39.53,1.5
17,康弘转债,2773,2020-03-31T00:00:00,2773,康弘药业,38.95,4.0%,-0.58,19782,78268137.0,4.0%,40.49,38.91,39.59,39.53,1.5
18,君禾转债,603617,2020-04-03T00:00:00,603617,君禾股份,15.98,2.93%,-0.07,11802,18930822.0,2.93%,16.28,15.81,16.16,16.05,1.25
19,君禾转债,603617,2020-04-03T00:00:00,603617,君禾股份,15.93,2.93%,-0.12,11836,18985037.0,2.93%,16.28,15.81,16.16,16.05,1.24
20,桐20转债,601233,2020-03-20T00:00:00,601233,桐昆股份,12.14,2.11%,-0.18,72263,88497890.0,2.11%,12.37,12.11,12.37,12.32,0.87
21,桐昆转债,601233,2018-12-12T00:00:00,601233,桐昆股份,12.14,2.11%,-0.18,72263,88497890.0,2.11%,12.37,12.11,12.37,12.32,0.87
22,盛屯转债,600711,2020-03-31T00:00:00,600711,盛屯矿业,4.05,1.23%,-0.02,54637,22191209.0,1.23%,4.09,4.04,4.08,4.07,1.03
23,盛屯转债,600711,2020-03-31T00:00:00,600711,盛屯矿业,4.04,1.23%,-0.03,56174,22812286.0,1.23%,4.09,4.04,4.08,4.07,1.05
24,盛屯转债,600711,2020-03-31T00:00:00,600711,盛屯矿业,4.04,1.23%,-0.03,56174,22812286.0,1.23%,4.09,4.04,4.08,4.07,1.05
25,天目转债,603136,2020-03-16T00:00:00,603136,天目湖,24.6,2.3%,-0.21,5168,12814351.0,2.3%,25.15,24.58,25.0,24.81,0.74
26,天目转债,603136,2020-03-16T00:00:00,603136,天目湖,24.6,2.3%,-0.21,5173,12826651.0,2.3%,25.15,24.58,25.0,24.81,0.74
27,翔港转债,603499,2020-03-31T00:00:00,603499,翔港科技,14.96,1.88%,0.04,6966,10426701.0,1.88%,15.08,14.8,15.05,14.92,0.79
28,奥瑞转债,2701,2020-03-16T00:00:00,2701,奥瑞金,4.08,0.73%,-0.02,54864,22442764.0,0.73%,4.11,4.08,4.1,4.1,0.74
29,星帅转债,2860,2020-02-19T00:00:00,2860,星帅尔,25.62,2.76%,-0.49,21231,55064520.0,2.76%,26.3,25.58,26.1,26.11,1.22
30,星帅转债,2860,2020-02-19T00:00:00,2860,星帅尔,25.61,2.76%,-0.5,21281,55192582.0,2.76%,26.3,25.58,26.1,26.11,1.22
31,星帅转债,2860,2020-02-19T00:00:00,2860,星帅尔,25.6,2.76%,-0.51,21287,55207947.0,2.76%,26.3,25.58,26.1,26.11,1.23
32,柳药转债,603368,2020-02-24T00:00:00,603368,柳药股份,35.83,4.11%,2.22,63419,223511587.0,4.11%,35.94,34.56,34.56,33.61,6.94
33,银河转债,300619,2020-02-14T00:00:00,300619,金银河,20.8,1.45%,0.06,2128,4415430.0,1.45%,20.91,20.61,20.76,20.74,0.84
34,东财转2,300059,2020-02-14T00:00:00,300059,东方财富,17.16,1.84%,-0.26,769729,1328690176.0,1.84%,17.44,17.12,17.42,17.42,0.81
35,东财转债,300059,2018-01-29T00:00:00,300059,东方财富,17.16,1.84%,-0.26,769729,1328690176.0,1.84%,17.44,17.12,17.42,17.42,0.81
36,百川转债,2455,2020-01-21T00:00:00,2455,百川股份,5.22,1.53%,-0.02,24732,12949230.0,1.53%,5.28,5.2,5.28,5.24,0.86
37,乐普转债,300003,2020-01-23T00:00:00,300003,乐普医疗,40.52,3.25%,0.87,178062,717740480.0,3.25%,40.94,39.65,39.91,39.65,2.72
38,正裕转债,603089,2020-02-10T00:00:00,603089,正裕工业,12.74,6.86%,0.21,46611,59951841.0,6.86%,13.39,12.53,12.7,12.53,8.17
39,唐人转债,2567,2020-01-22T00:00:00,2567,唐人神,10.18,4.65%,0.28,542065,546009424.0,4.65%,10.3,9.84,9.99,9.9,2.76
40,唐人转债,2567,2020-01-22T00:00:00,2567,唐人神,10.15,4.65%,0.25,542636,546589440.0,4.65%,10.3,9.84,9.99,9.9,2.76
41,开润转债,300577,2020-01-23T00:00:00,300577,开润股份,27.15,3.54%,-0.55,6889,18873245.0,3.54%,28.1,27.12,27.65,27.7,0.58
42,麦米转债,2851,2020-01-21T00:00:00,2851,麦格米特,20.56,3.51%,-0.54,32709,67847768.0,3.51%,21.24,20.5,21.24,21.1,1.9
43,东风转债,601515,2020-01-20T00:00:00,601515,东风股份,6.27,2.98%,-0.11,32130,20252046.0,2.98%,6.42,6.23,6.39,6.38,1.19
44,深南转债,2916,2020-01-16T00:00:00,2916,深南电路,230.2,2.41%,-2.62,15471,356813168.0,2.41%,233.99,228.38,232.82,232.82,0.82
45,永创转债,603901,2020-01-10T00:00:00,603901,永创智能,8.44,3.49%,0.13,45442,38028097.0,3.49%,8.51,8.22,8.32,8.31,2.77
46,日月转债,603218,2020-01-14T00:00:00,603218,日月股份,19.89,4.27%,-0.02,24506,48613004.0,4.27%,20.4,19.55,20.4,19.91,2.01
47,日月转债,603218,2020-01-14T00:00:00,603218,日月股份,19.89,4.27%,-0.02,24506,48613004.0,4.27%,20.4,19.55,20.4,19.91,2.01
48,日月转债,603218,2020-01-14T00:00:00,603218,日月股份,19.72,4.27%,-0.19,24922,49436749.0,4.27%,20.4,19.55,20.4,19.91,1.96
49,淮矿转债,600985,2020-01-13T00:00:00,600985,淮北矿业,8.09,0.87%,0.0,9615,7774770.0,0.87%,8.13,8.06,8.11,8.09,0.66
50,至纯转债,603690,2020-01-09T00:00:00,603690,至纯科技,32.94,2.6%,-0.52,21532,71234617.0,2.6%,33.55,32.68,33.36,33.46,0.85
51,至纯转债,603690,2020-01-09T00:00:00,603690,至纯科技,32.94,2.6%,-0.52,21537,71251089.0,2.6%,33.55,32.68,33.36,33.46,0.84
52,振德转债,603301,2020-01-14T00:00:00,603301,振德医疗,39.36,2.68%,-0.12,22434,89394773.0,2.68%,40.38,39.32,39.69,39.48,0.8
53,森特转债,603098,2020-01-10T00:00:00,603098,森特股份,9.77,1.12%,-0.03,9057,8820768.0,1.12%,9.8,9.69,9.77,9.8,0.83
54,森特转债,603098,2020-01-10T00:00:00,603098,森特股份,9.76,1.12%,-0.04,9069,8832480.0,1.12%,9.8,9.69,9.77,9.8,0.82
55,国轩转债,2074,2020-01-10T00:00:00,2074,国轩高科,23.29,6.46%,-2.58,806954,1930594544.0,6.46%,24.95,23.28,24.6,25.87,1.73
56,孚日转债,2083,2020-01-16T00:00:00,2083,孚日股份,8.45,5.13%,0.27,152526,127075195.0,5.13%,8.56,8.14,8.14,8.18,2.71
57,明阳转债,601615,2020-01-07T00:00:00,601615,明阳智能,11.25,4.5%,0.37,183091,202754519.0,4.5%,11.3,10.81,10.85,10.88,3.04
58,仙鹤转债,603733,2020-01-10T00:00:00,603733,仙鹤股份,16.2,5.25%,0.2,51541,83465224.0,5.25%,16.51,15.67,15.88,16.0,3.2
59,鹰19转债,600567,2020-01-03T00:00:00,600567,山鹰纸业,3.03,0.99%,-0.01,92377,28022700.0,0.99%,3.05,3.02,3.04,3.04,0.84
60,鹰19转债,600567,2020-01-03T00:00:00,600567,山鹰纸业,3.02,0.99%,-0.02,93219,28277651.0,0.99%,3.05,3.02,3.04,3.04,0.83
61,山鹰转债,600567,2018-12-10T00:00:00,600567,山鹰纸业,3.03,0.99%,-0.01,92377,28022700.0,0.99%,3.05,3.02,3.04,3.04,0.84
62,山鹰转债,600567,2018-12-10T00:00:00,600567,山鹰纸业,3.02,0.99%,-0.02,93219,28277651.0,0.99%,3.05,3.02,3.04,3.04,0.83
63,山鹰转债,600567,2007-09-17T00:00:00,600567,山鹰纸业,3.03,0.99%,-0.01,92377,28022700.0,0.99%,3.05,3.02,3.04,3.04,0.84
64,山鹰转债,600567,2007-09-17T00:00:00,600567,山鹰纸业,3.02,0.99%,-0.02,93219,28277651.0,0.99%,3.05,3.02,3.04,3.04,0.83
65,新北转债,2376,2019-12-31T00:00:00,2376,新北洋,10.24,3.25%,-0.22,78718,81044036.0,3.25%,10.55,10.21,10.55,10.46,2.54
66,新北转债,2376,2019-12-31T00:00:00,2376,新北洋,10.23,3.25%,-0.23,78725,81051203.0,3.25%,10.55,10.21,10.55,10.46,2.54
67,华锋转债,2806,2020-01-06T00:00:00,2806,华锋股份,11.84,1.66%,-0.18,6056,7210698.0,1.66%,12.02,11.82,12.0,12.02,1.18
68,海亮转债,2203,2019-12-16T00:00:00,2203,海亮股份,9.19,1.63%,0.0,6862,6286374.0,1.63%,9.25,9.1,9.19,9.19,0.67
69,顺丰转债,2352,2019-12-09T00:00:00,2352,顺丰控股,48.75,1.98%,-0.26,73602,361804960.0,1.98%,49.68,48.71,49.23,49.01,1.23
70,福特转债,603806,2019-12-11T00:00:00,603806,福斯特,46.81,2.29%,-0.27,5228,24595634.0,2.29%,47.71,46.63,47.24,47.08,0.63
71,白电转债,603861,2019-12-11T00:00:00,603861,白云电器,8.48,1.97%,-0.15,16503,13994037.0,1.97%,8.58,8.41,8.52,8.63,1.3
72,白电转债,603861,2019-12-11T00:00:00,603861,白云电器,8.48,1.97%,-0.15,16503,13994037.0,1.97%,8.58,8.41,8.52,8.63,1.3
73,利德转债,300296,2019-12-09T00:00:00,300296,利亚德,5.94,1.67%,-0.06,91885,54857501.0,1.67%,6.04,5.94,6.0,6.0,0.8
74,利德转债,300296,2019-12-09T00:00:00,300296,利亚德,5.93,1.83%,-0.07,92286,55095304.0,1.83%,6.04,5.93,6.0,6.0,0.79
75,川投转债,600674,2019-12-02T00:00:00,600674,川投能源,8.58,1.5%,-0.09,30893,26640631.0,1.5%,8.7,8.57,8.7,8.67,1.16
76,川投转债,600674,2011-03-31T00:00:00,600674,川投能源,8.58,1.5%,-0.09,30893,26640631.0,1.5%,8.7,8.57,8.7,8.67,1.16
77,通光转债,300265,2019-11-28T00:00:00,300265,通光线缆,12.22,4.38%,-0.33,74063,91479090.0,4.38%,12.75,12.2,12.66,12.55,0.79
78,金力转债,300748,2019-11-25T00:00:00,300748,金力永磁,30.71,1.73%,-0.5,41456,127908811.0,1.73%,31.19,30.65,31.0,31.21,0.78
79,石英转债,603688,2019-11-22T00:00:00,603688,石英股份,21.98,2.87%,-0.31,29810,66498181.0,2.87%,22.61,21.97,22.51,22.29,1.34
80,石英转债,603688,2019-11-22T00:00:00,603688,石英股份,21.95,2.96%,-0.34,29856,66599172.0,2.96%,22.61,21.95,22.51,22.29,1.34
81,石英转债,603688,2019-11-22T00:00:00,603688,石英股份,21.94,3.1%,-0.35,29937,66776765.0,3.1%,22.61,21.92,22.51,22.29,1.33
82,浦发转债,600000,2019-11-15T00:00:00,600000,浦发银行,10.01,0.89%,-0.06,67701,68006164.0,0.89%,10.1,10.01,10.1,10.07,0.77
83,天路转债,600326,2019-11-28T00:00:00,600326,西藏天路,6.91,2.14%,-0.09,48992,34109908.0,2.14%,7.05,6.9,7.0,7.0,0.51
84,北方转债,65,2019-11-21T00:00:00,65,北方国际,7.7,2.06%,-0.06,15633,12064337.0,2.06%,7.82,7.66,7.82,7.76,0.75
85,迪贝转债,603320,2019-11-21T00:00:00,603320,迪贝电气,16.01,10.26%,-0.36,20319,32530312.0,10.26%,16.41,14.73,16.38,16.37,1.34
86,太极转债,2368,2019-11-08T00:00:00,2368,太极股份,38.68,1.68%,-0.62,45630,177130596.0,1.68%,39.28,38.62,39.2,39.3,0.75
87,华夏转债,2928,2019-11-07T00:00:00,2928,华夏航空,13.26,3.15%,-0.37,67337,89741776.0,3.15%,13.6,13.17,13.55,13.63,0.89
88,金能转债,603113,2019-11-07T00:00:00,603113,金能科技,9.38,1.27%,-0.07,15169,14257188.0,1.27%,9.47,9.35,9.47,9.45,0.87
89,金能转债,603113,2019-11-07T00:00:00,603113,金能科技,9.38,1.27%,-0.07,15169,14257188.0,1.27%,9.47,9.35,9.47,9.45,0.87
90,金能转债,603113,2019-11-07T00:00:00,603113,金能科技,9.37,1.27%,-0.08,15407,14480194.0,1.27%,9.47,9.35,9.47,9.45,0.88
91,金能转债,603113,2019-11-07T00:00:00,603113,金能科技,9.37,1.27%,-0.08,15407,14480194.0,1.27%,9.47,9.35,9.47,9.45,0.88
92,金能转债,603113,2019-11-07T00:00:00,603113,金能科技,9.35,1.27%,-0.1,17093,16057127.0,1.27%,9.47,9.35,9.47,9.45,0.96
93,远东转债,2406,2019-10-31T00:00:00,2406,远东传动,5.58,2.37%,0.1,42842,23772146.0,2.37%,5.61,5.48,5.53,5.48,3.53
94,游族转债,2174,2019-10-21T00:00:00,2174,游族网络,21.21,3.84%,-0.64,168350,361632576.0,3.84%,21.99,21.15,21.9,21.85,1.16
95,桃李转债,603866,2019-10-15T00:00:00,603866,桃李面包,52.73,1.96%,-0.45,10309,54629510.0,1.96%,53.62,52.58,53.18,53.18,0.46
96,桃李转债,603866,2019-10-15T00:00:00,603866,桃李面包,52.73,1.96%,-0.45,10311,54640056.0,1.96%,53.62,52.58,53.18,53.18,0.46
97,晶瑞转债,300655,2019-09-26T00:00:00,300655,晶瑞股份,32.15,3.7%,-1.12,46955,152204803.0,3.7%,33.24,32.01,33.11,33.27,1.06
98,哈尔转债,2615,2019-09-11T00:00:00,2615,哈尔斯,4.75,1.9%,0.02,20128,9552801.0,1.9%,4.79,4.7,4.75,4.73,0.54
99,九洲转债,300040,2019-09-12T00:00:00,300040,九洲电气,6.31,6.42%,-0.08,267234,169358602.0,6.42%,6.52,6.11,6.5,6.39,3.64
100,欧派转债,603833,2019-09-04T00:00:00,603833,欧派家居,108.41,3.19%,1.43,3561,38788539.0,3.19%,110.41,107.0,107.63,106.98,0.76
101,英科转债,300677,2019-09-10T00:00:00,300677,英科医疗,57.0,4.1%,-1.24,26030,149918097.0,4.1%,58.99,56.6,58.22,58.24,0.9
102,好客转债,603898,2019-08-23T00:00:00,603898,好莱客,14.86,5.32%,0.2,14651,21940710.0,5.32%,15.34,14.56,14.64,14.66,3.91
103,荣晟转债,603165,2019-08-13T00:00:00,603165,荣晟环保,16.88,1.47%,-0.16,4341,7354638.0,1.47%,17.1,16.85,17.07,17.04,1.11
104,南威转债,603636,2019-08-05T00:00:00,603636,南威软件,12.91,4.39%,-0.29,82812,107706064.0,4.39%,13.28,12.7,13.27,13.2,0.8
105,圣达转债,603079,2019-07-26T00:00:00,603079,圣达生物,46.16,3.11%,-0.14,25512,119041028.0,3.11%,47.5,46.06,46.65,46.3,1.75
106,圣达转债,603079,2019-07-26T00:00:00,603079,圣达生物,46.08,3.11%,-0.22,25627,119571221.0,3.11%,47.5,46.06,46.65,46.3,1.74
107,圣达转债,603079,2019-07-26T00:00:00,603079,圣达生物,45.71,3.87%,-0.59,26547,123792083.0,3.87%,47.5,45.71,46.65,46.3,1.74
108,智能转债,2877,2019-07-23T00:00:00,2877,智能自控,7.77,2.12%,-0.26,67706,52886782.0,2.12%,7.9,7.73,7.83,8.03,2.18
109,安图转债,603658,2019-07-22T00:00:00,603658,安图生物,134.0,9.46%,4.76,25600,354796784.0,9.46%,142.16,129.93,129.93,129.24,3.31
110,华森转债,2907,2019-07-11T00:00:00,2907,华森制药,19.3,5.34%,0.58,52131,100914407.0,5.34%,19.7,18.7,18.72,18.72,1.49
111,清水转债,300437,2019-07-15T00:00:00,300437,清水源,10.5,2.1%,0.0,15852,16585580.0,2.1%,10.58,10.36,10.5,10.5,2.03
112,华钰转债,601020,2019-07-10T00:00:00,601020,华钰矿业,8.19,2.85%,0.12,40757,33553718.0,2.85%,8.34,8.11,8.15,8.07,1.78
113,蓝晓转债,300487,2019-07-04T00:00:00,300487,蓝晓科技,29.23,2.19%,-0.43,9534,28099994.0,2.19%,29.88,29.23,29.8,29.66,0.91
114,蓝晓转债,300487,2019-07-04T00:00:00,300487,蓝晓科技,29.23,2.19%,-0.43,9534,28099994.0,2.19%,29.88,29.23,29.8,29.66,0.91
115,文灿转债,603348,2019-07-05T00:00:00,603348,文灿股份,17.21,2.1%,0.03,15209,26353035.0,2.1%,17.53,17.17,17.28,17.18,1.1
116,和而转债,2402,2019-07-01T00:00:00,2402,和而泰,13.41,2.92%,-0.31,188813,254293059.0,2.92%,13.75,13.35,13.74,13.72,0.84
117,和而转债,2402,2019-07-01T00:00:00,2402,和而泰,13.41,2.92%,-0.31,188905,254416431.0,2.92%,13.75,13.35,13.74,13.72,0.84
118,三星转债,603578,2019-06-24T00:00:00,603578,三星新材,20.78,6.18%,1.52,23021,48027822.0,6.18%,21.19,20.0,20.0,19.26,11.85
119,一心转债,2727,2019-05-17T00:00:00,2727,一心堂,28.18,6.51%,0.85,62730,178806528.0,6.51%,29.15,27.37,27.39,27.33,2.45
120,一心转债,2727,2019-05-17T00:00:00,2727,一心堂,28.15,6.51%,0.82,62731,178809343.0,6.51%,29.15,27.37,27.39,27.33,2.45
121,一心转债,2727,2019-05-17T00:00:00,2727,一心堂,28.11,6.51%,0.78,62782,178952748.0,6.51%,29.15,27.37,27.39,27.33,2.45
122,亚泰转债,2811,2019-05-14T00:00:00,2811,亚泰国际,14.26,1.41%,0.05,1929,2745398.0,1.41%,14.33,14.13,14.26,14.21,0.84
123,亚泰转债,2811,2019-05-14T00:00:00,2811,亚泰国际,14.24,1.41%,0.03,1932,2749674.0,1.41%,14.33,14.13,14.26,14.21,0.84
124,永鼎转债,600105,2019-05-08T00:00:00,600105,永鼎股份,4.58,2.41%,0.01,92992,42375443.0,2.41%,4.61,4.5,4.57,4.57,1.15
125,明泰转债,601677,2019-05-07T00:00:00,601677,明泰铝业,10.16,0.79%,-0.02,12053,12233334.0,0.79%,10.2,10.12,10.17,10.18,0.66
126,司尔转债,2538,2019-05-07T00:00:00,2538,司尔特,5.15,3.13%,0.04,188070,96822082.0,3.13%,5.24,5.08,5.13,5.11,2.97
127,司尔转债,2538,2019-05-07T00:00:00,2538,司尔特,5.15,3.13%,0.04,188070,96822082.0,3.13%,5.24,5.08,5.13,5.11,2.97
128,司尔转债,2538,2019-05-07T00:00:00,2538,司尔特,5.14,3.13%,0.03,188312,96946693.0,3.13%,5.24,5.08,5.13,5.11,2.97
129,参林转债,603233,2019-04-24T00:00:00,603233,大参林,66.74,3.55%,-0.63,10330,69587829.0,3.55%,68.79,66.4,68.05,67.37,1.02
130,参林转债,603233,2019-04-24T00:00:00,603233,大参林,66.71,3.55%,-0.66,10335,69621197.0,3.55%,68.79,66.4,68.05,67.37,1.01
131,参林转债,603233,2019-04-24T00:00:00,603233,大参林,66.57,3.55%,-0.8,10357,69768030.0,3.55%,68.79,66.4,68.05,67.37,1.01
132,未来转债,2631,2019-04-24T00:00:00,2631,德尔未来,7.53,0.8%,0.0,14081,10606343.0,0.8%,7.56,7.5,7.52,7.53,0.73
133,亚药转债,2370,2019-04-24T00:00:00,2370,亚太药业,6.62,8.44%,0.34,386260,254237468.0,8.44%,6.83,6.3,6.3,6.28,2.88
134,海环转债,603817,2019-04-24T00:00:00,603817,海峡环保,5.96,2.03%,0.06,12318,7324718.0,2.03%,5.99,5.87,5.91,5.9,1.92
135,大丰转债,603081,2019-04-18T00:00:00,603081,大丰实业,11.96,4.35%,0.47,36596,43097030.0,4.35%,12.04,11.54,11.6,11.49,3.37
136,启明转债,2439,2019-04-24T00:00:00,2439,启明星辰,39.06,2.82%,0.0,35772,140007834.0,2.82%,39.9,38.8,39.1,39.06,1.24
137,招路转债,1965,2019-04-30T00:00:00,1965,招商公路,7.01,0.43%,0.02,7503,5254124.0,0.43%,7.02,6.99,6.99,6.99,0.43
138,岱勒转债,300700,2019-04-17T00:00:00,300700,岱勒新材,15.63,2.03%,-0.13,5040,7890536.0,2.03%,15.87,15.55,15.7,15.76,0.97
139,迪森转债,300335,2019-04-16T00:00:00,300335,迪森股份,4.71,1.05%,-0.04,12469,5888112.0,1.05%,4.75,4.7,4.75,4.75,1.1
140,亨通转债,600487,2019-04-16T00:00:00,600487,亨通光电,17.35,2.61%,-0.29,223365,388652208.0,2.61%,17.69,17.23,17.64,17.64,0.83
141,亨通转债,600487,2019-04-16T00:00:00,600487,亨通光电,17.35,2.61%,-0.29,223365,388652208.0,2.61%,17.69,17.23,17.64,17.64,0.83
142,通威转债,600438,2019-04-10T00:00:00,600438,通威股份,13.2,3.11%,0.03,676356,885834704.0,3.11%,13.34,12.93,13.1,13.17,0.92
143,伊力转债,600197,2019-04-04T00:00:00,600197,伊力特,13.14,1.53%,0.05,45062,59426099.0,1.53%,13.28,13.08,13.14,13.09,1.96
144,视源转债,2841,2019-04-02T00:00:00,2841,视源股份,79.59,1.48%,-0.24,4794,38398939.0,1.48%,80.59,79.41,79.87,79.83,0.72
145,中鼎转2,887,2019-04-04T00:00:00,887,中鼎股份,8.03,2.01%,0.05,209179,169025249.0,2.01%,8.15,7.99,8.04,7.98,1.4
146,中鼎转债,887,2011-03-01T00:00:00,887,中鼎股份,8.03,2.01%,0.05,209179,169025249.0,2.01%,8.15,7.99,8.04,7.98,1.4
147,拓邦转债,2139,2019-04-08T00:00:00,2139,拓邦股份,5.51,1.79%,-0.08,78638,43573312.0,1.79%,5.6,5.5,5.6,5.59,0.98
148,拓邦转债,2139,2019-04-08T00:00:00,2139,拓邦股份,5.51,1.79%,-0.08,78754,43637228.0,1.79%,5.6,5.5,5.6,5.59,0.99
149,贵广转债,600996,2019-03-29T00:00:00,600996,贵广网络,7.72,1.54%,-0.06,22697,17575768.0,1.54%,7.83,7.71,7.83,7.78,1.16
150,中信转债,601998,2019-03-19T00:00:00,601998,中信银行,5.06,0.59%,0.0,55237,27928529.0,0.59%,5.07,5.04,5.06,5.06,0.95
151,万信转2,300168,2019-03-25T00:00:00,300168,万达信息,21.76,4.78%,-0.63,140400,308191376.0,4.78%,22.69,21.62,22.46,22.39,1.28
152,万信转债,300168,2018-01-30T00:00:00,300168,万达信息,21.76,4.78%,-0.63,140400,308191376.0,4.78%,22.69,21.62,22.46,22.39,1.28
153,长城转债,603897,2019-03-20T00:00:00,603897,长城科技,16.75,1.55%,0.0,6531,10937200.0,1.55%,16.9,16.64,16.78,16.75,1.1
154,富祥转债,300497,2019-03-29T00:00:00,300497,富祥药业,29.24,3.54%,-0.4,54984,164115551.0,3.54%,30.27,29.22,29.59,29.64,0.81
155,中天转债,600522,2019-03-22T00:00:00,600522,中天科技,11.04,4.35%,-0.46,816223,909733056.0,4.35%,11.5,11.0,11.5,11.5,1.26
156,中来转债,300393,2019-03-22T00:00:00,300393,中来股份,14.43,4.22%,0.22,56378,81178072.0,4.22%,14.66,14.06,14.48,14.21,2.21
157,中宠转债,2891,2019-03-14T00:00:00,2891,中宠股份,23.05,3.68%,-0.35,19899,46720350.0,3.68%,23.89,23.03,23.58,23.4,1.09
158,尚荣转债,2551,2019-03-07T00:00:00,2551,尚荣医疗,9.03,3.35%,0.07,251651,229446939.0,3.35%,9.25,8.95,8.99,8.96,1.01
159,维格转债,603518,2019-02-19T00:00:00,603518,锦泓集团,6.61,2.62%,0.11,26542,17633640.0,2.62%,6.71,6.54,6.54,6.5,2.36
160,联泰转债,603797,2019-02-18T00:00:00,603797,联泰环保,11.21,4.32%,1.02,153862,172160293.0,4.32%,11.21,10.77,10.77,10.19,22.86
161,凯龙转债,2783,2019-01-21T00:00:00,2783,凯龙股份,10.34,1.91%,-0.11,21253,21885232.0,1.91%,10.43,10.23,10.4,10.45,0.82
162,溢利转债,300381,2019-01-23T00:00:00,300381,溢多利,12.26,3.5%,-0.04,83321,102334750.0,3.5%,12.48,12.05,12.26,12.3,1.74
163,佳都转债,600728,2019-01-21T00:00:00,600728,佳都科技,9.84,3.17%,-0.24,390701,387828160.0,3.17%,10.14,9.82,10.12,10.08,1.13
164,海尔转债,600690,2019-01-18T00:00:00,600690,海尔智家,15.16,2.76%,0.3,307551,467068864.0,2.76%,15.34,14.93,14.93,14.86,2.36
165,台华转债,603055,2019-01-11T00:00:00,603055,台华新材,6.31,3.08%,-0.19,16656,10612632.0,3.08%,6.5,6.3,6.5,6.5,0.62
166,奇精转债,603677,2019-01-07T00:00:00,603677,奇精机械,10.17,1.95%,-0.1,3025,3101226.0,1.95%,10.37,10.17,10.37,10.27,0.82
167,光华转债,2741,2019-01-09T00:00:00,2741,光华科技,11.25,1.76%,-0.12,14881,16830866.0,1.76%,11.45,11.25,11.44,11.37,0.9
168,光华转债,2741,2019-01-09T00:00:00,2741,光华科技,11.24,1.85%,-0.13,15120,17099664.0,1.85%,11.45,11.24,11.44,11.37,0.9
169,光华转债,2741,2019-01-09T00:00:00,2741,光华科技,11.22,2.02%,-0.15,15244,17238838.0,2.02%,11.45,11.22,11.44,11.37,0.9
170,钧达转债,2865,2018-12-27T00:00:00,2865,钧达股份,13.76,1.38%,0.01,5983,8248137.0,1.38%,13.89,13.7,13.8,13.75,0.65
171,伟明转债,603568,2018-12-26T00:00:00,603568,伟明环保,31.17,2.54%,0.5,11715,36336346.0,2.54%,31.33,30.55,30.64,30.67,0.93
172,福能转债,600483,2018-12-28T00:00:00,600483,福能股份,7.84,1.26%,-0.09,26946,21133481.0,1.26%,7.91,7.81,7.9,7.93,1.62
173,华源转债,2787,2018-12-20T00:00:00,2787,华源控股,7.37,5.32%,0.23,27711,20362763.0,5.32%,7.47,7.09,7.23,7.14,1.78
174,旭升转债,603305,2018-12-11T00:00:00,603305,旭升股份,37.96,3.96%,-0.96,35079,134555676.0,3.96%,39.34,37.8,39.03,38.92,0.89
175,圆通转债,600233,2018-12-18T00:00:00,600233,圆通速递,11.93,4.14%,0.33,199239,237055703.0,4.14%,12.09,11.61,11.63,11.6,3.05
176,圆通转债,600233,2018-12-18T00:00:00,600233,圆通速递,11.91,4.14%,0.31,199555,237431295.0,4.14%,12.09,11.61,11.63,11.6,3.05
177,圆通转债,600233,2018-12-18T00:00:00,600233,圆通速递,11.89,4.14%,0.29,199599,237483613.0,4.14%,12.09,11.61,11.63,11.6,3.05
178,圆通转债,600233,2018-12-18T00:00:00,600233,圆通速递,11.88,4.14%,0.28,199673,237571587.0,4.14%,12.09,11.61,11.63,11.6,3.05
179,寒锐转债,300618,2018-12-24T00:00:00,300618,寒锐钴业,47.38,2.53%,-0.13,41493,198882204.0,2.53%,48.5,47.3,47.81,47.51,1.34
180,特发转债,70,2018-12-25T00:00:00,70,特发信息,9.32,1.7%,-0.09,46706,43660338.0,1.7%,9.46,9.3,9.44,9.41,1.0
181,科森转债,603626,2018-12-07T00:00:00,603626,科森科技,10.64,2.81%,-0.04,15525,16520286.0,2.81%,10.85,10.55,10.64,10.68,0.52
182,百合转债,603313,2018-11-26T00:00:00,603313,梦百合,19.69,3.72%,-0.45,28524,56590069.0,3.72%,20.4,19.65,20.04,20.14,0.68
183,长久转债,603569,2018-11-30T00:00:00,603569,长久物流,8.96,2.73%,0.18,14419,12876609.0,2.73%,9.02,8.78,8.78,8.78,3.83
184,洲明转债,300232,2018-12-03T00:00:00,300232,洲明科技,8.65,1.71%,-0.11,53450,46496228.0,1.71%,8.8,8.65,8.79,8.76,0.73
185,光电转债,2179,2018-12-07T00:00:00,2179,中航光电,35.0,2.65%,0.62,42051,145999880.0,2.65%,35.14,34.23,34.44,34.38,1.52
186,利尔转债,2258,2018-11-09T00:00:00,2258,利尔化学,15.58,2.97%,0.08,85289,132598520.0,2.97%,15.75,15.29,15.38,15.5,2.19
187,顾家转债,603816,2018-10-09T00:00:00,603816,顾家家居,40.68,3.95%,1.46,22501,91700912.0,3.95%,41.72,40.17,40.2,39.22,3.32
188,机电转债,2013,2018-09-14T00:00:00,2013,中航机电,8.22,4.62%,0.21,312916,255252657.0,4.62%,8.32,7.95,8.05,8.01,2.19
189,岭南转债,2717,2018-09-04T00:00:00,2717,岭南股份,4.34,1.37%,-0.03,47033,20472352.0,1.37%,4.39,4.33,4.37,4.37,0.94
190,蓝盾转债,300297,2018-09-13T00:00:00,300297,蓝盾股份,4.42,2.43%,-0.11,121276,53903452.0,2.43%,4.52,4.41,4.5,4.53,0.88
191,曙光转债,603019,2018-08-23T00:00:00,603019,中科曙光,46.12,2.05%,-1.27,181979,843324304.0,2.05%,46.88,45.91,46.71,47.39,1.33
192,东音转债,2793,2018-08-27T00:00:00,2793,东音股份,15.06,3.31%,-0.03,37626,56993359.0,3.31%,15.45,14.95,15.25,15.09,1.14
193,东音转债,2793,2018-08-27T00:00:00,2793,东音股份,15.05,3.31%,-0.04,37656,57038358.0,3.31%,15.45,14.95,15.25,15.09,1.13
194,东音转债,2793,2018-08-27T00:00:00,2793,东音股份,15.04,3.31%,-0.05,37671,57060923.0,3.31%,15.45,14.95,15.25,15.09,1.13
195,凯中转债,2823,2018-09-03T00:00:00,2823,凯中精密,9.85,2.89%,-0.19,13594,13477695.0,2.89%,10.11,9.82,10.08,10.04,1.15
196,凯发转债,300407,2018-08-21T00:00:00,300407,凯发电气,8.59,3.67%,-0.14,40064,34798657.0,3.67%,8.87,8.55,8.8,8.73,1.03
197,凯发转债,300407,2018-08-21T00:00:00,300407,凯发电气,8.59,3.67%,-0.14,40197,34912904.0,3.67%,8.87,8.55,8.8,8.73,1.04
198,威帝转债,603023,2018-08-13T00:00:00,603023,威帝股份,5.81,8.33%,0.53,140986,79319782.0,8.33%,5.81,5.37,5.5,5.28,3.86
199,万顺转债,300057,2018-08-29T00:00:00,300057,万顺新材,5.15,2.13%,-0.01,31121,16127306.0,2.13%,5.24,5.13,5.21,5.16,1.12
200,万顺转债,300057,2018-08-29T00:00:00,300057,万顺新材,5.14,2.13%,-0.02,31247,16192195.0,2.13%,5.24,5.13,5.21,5.16,1.12
201,万顺转债,300057,2018-08-29T00:00:00,300057,万顺新材,5.13,2.13%,-0.03,31521,16333010.0,2.13%,5.24,5.13,5.21,5.16,1.12
202,盛路转债,2446,2018-08-14T00:00:00,2446,盛路通信,7.7,2.04%,-0.14,103782,80295983.0,2.04%,7.84,7.68,7.84,7.84,1.2
203,盛路转债,2446,2018-08-14T00:00:00,2446,盛路通信,7.69,2.04%,-0.15,103786,80299059.0,2.04%,7.84,7.68,7.84,7.84,1.2
204,安井转债,603345,2018-07-31T00:00:00,603345,安井食品,98.41,3.66%,-0.1,10114,101251602.0,3.66%,101.61,98.0,98.93,98.51,0.94
205,景旺转债,603228,2018-07-24T00:00:00,603228,景旺电子,49.55,6.5%,1.7,92406,462530928.0,6.5%,51.5,48.39,48.4,47.85,5.53
206,景旺转债,603228,2018-07-24T00:00:00,603228,景旺电子,49.35,6.5%,1.5,92433,462662272.0,6.5%,51.5,48.39,48.4,47.85,5.53
207,博世转债,300422,2018-08-14T00:00:00,300422,博世科,11.16,1.68%,-0.17,24435,27408315.0,1.68%,11.33,11.14,11.33,11.33,1.01
208,湖广转债,665,2018-08-01T00:00:00,665,湖北广电,5.44,1.99%,-0.1,53834,29417673.0,1.99%,5.54,5.43,5.53,5.54,1.07
209,广电转债,600831,2018-07-24T00:00:00,600831,广电网络,7.47,2.71%,-0.27,197016,148736054.0,2.71%,7.68,7.47,7.67,7.74,2.2
210,再升转债,603601,2018-07-13T00:00:00,603601,再升科技,13.67,6.43%,0.77,424298,580016416.0,6.43%,14.08,13.25,13.42,12.9,1.79
211,华通转债,2758,2018-07-13T00:00:00,2758,华通医药,10.89,3.48%,-0.31,26847,29640093.0,3.48%,11.24,10.85,11.2,11.2,1.77
212,新泉转债,603179,2018-06-22T00:00:00,603179,新泉股份,24.71,2.91%,0.3,23022,56848167.0,2.91%,25.0,24.29,24.41,24.41,3.03
213,天马转债,603668,2018-05-07T00:00:00,603668,天马科技,11.38,3.43%,0.01,51697,58971825.0,3.43%,11.61,11.22,11.35,11.37,0.97
214,鼎信转债,603421,2018-05-14T00:00:00,603421,鼎信通讯,15.22,3.53%,-0.35,24936,38259589.0,3.53%,15.74,15.19,15.6,15.57,2.21
215,利欧转债,2131,2018-04-19T00:00:00,2131,利欧股份,3.8,4.08%,-0.12,992545,380430416.0,4.08%,3.94,3.78,3.92,3.92,0.91
216,利欧转债,2131,2018-04-19T00:00:00,2131,利欧股份,3.79,4.08%,-0.13,992846,380544784.0,4.08%,3.94,3.78,3.92,3.92,0.91
217,敖东转债,623,2018-05-11T00:00:00,623,吉林敖东,16.01,1.26%,0.1,64342,103398508.0,1.26%,16.16,15.96,15.98,15.91,1.65
218,长证转债,783,2018-04-11T00:00:00,783,长江证券,6.29,0.95%,-0.03,65482,41206595.0,0.95%,6.33,6.27,6.33,6.32,0.57
219,长证转债,783,2018-04-11T00:00:00,783,长江证券,6.28,0.95%,-0.04,67024,42174815.0,0.95%,6.33,6.27,6.33,6.32,0.58
220,长证转债,783,2018-04-11T00:00:00,783,长江证券,6.28,0.95%,-0.04,67024,42174815.0,0.95%,6.33,6.27,6.33,6.32,0.58
221,金农转债,2548,2018-04-02T00:00:00,2548,金新农,11.24,10.11%,0.66,333286,367686912.0,10.11%,11.57,10.5,10.59,10.58,3.26
222,星源转债,300568,2018-04-10T00:00:00,300568,星源材质,28.34,2.09%,-0.3,14982,42825010.0,2.09%,28.9,28.3,28.68,28.64,0.52
223,艾华转债,603989,2018-03-23T00:00:00,603989,艾华集团,25.48,2.64%,0.13,15177,38274788.0,2.64%,25.58,24.91,25.33,25.35,1.83
224,玲珑转债,601966,2018-03-22T00:00:00,601966,玲珑轮胎,21.22,2.71%,-0.18,21009,44865548.0,2.71%,21.7,21.12,21.49,21.4,0.88
225,大族转债,2008,2018-03-05T00:00:00,2008,大族激光,29.16,2.54%,-0.34,57641,168895842.0,2.54%,29.8,29.05,29.7,29.5,0.95
226,康泰转债,300601,2018-03-19T00:00:00,300601,康泰生物,132.8,4.1%,1.2,22139,295421824.0,4.1%,135.6,130.2,130.91,131.6,1.53
227,无锡转债,600908,2018-03-14T00:00:00,600908,无锡银行,4.98,0.6%,0.0,29277,14577584.0,0.6%,4.99,4.96,4.98,4.98,0.91
228,无锡转债,600908,2018-03-14T00:00:00,600908,无锡银行,4.97,0.6%,-0.01,29285,14581566.0,0.6%,4.99,4.96,4.98,4.98,0.9
229,江银转债,2807,2018-02-14T00:00:00,2807,江阴银行,4.18,0.48%,0.01,35419,14780279.0,0.48%,4.18,4.16,4.18,4.17,0.9
230,江银转债,2807,2018-02-14T00:00:00,2807,江阴银行,4.18,0.48%,0.01,35419,14780279.0,0.48%,4.18,4.16,4.18,4.17,0.9
231,道氏转债,300409,2018-01-26T00:00:00,300409,道氏技术,11.22,1.5%,-0.08,18856,21260862.0,1.5%,11.37,11.2,11.32,11.3,0.75
232,道氏转债,300409,2018-01-26T00:00:00,300409,道氏技术,11.22,1.5%,-0.08,18857,21261984.0,1.5%,11.37,11.2,11.32,11.3,0.75
233,吉视转债,601929,2018-01-15T00:00:00,601929,吉视传媒,2.06,1.44%,-0.02,52574,10839881.0,1.44%,2.08,2.05,2.07,2.08,1.03
234,吉视转债,601929,2014-09-25T00:00:00,601929,吉视传媒,2.06,1.44%,-0.02,52574,10839881.0,1.44%,2.08,2.05,2.07,2.08,1.03
235,迪龙转债,2658,2018-01-29T00:00:00,2658,雪迪龙,6.12,0.99%,0.04,5888,3587257.0,0.99%,6.13,6.07,6.09,6.08,1.05
236,迪龙转债,2658,2018-01-29T00:00:00,2658,雪迪龙,6.11,0.99%,0.03,5893,3590312.0,0.99%,6.13,6.07,6.09,6.08,1.04
237,迪龙转债,2658,2018-01-29T00:00:00,2658,雪迪龙,6.11,0.99%,0.03,5893,3590312.0,0.99%,6.13,6.07,6.09,6.08,1.04
238,航电转债,600372,2018-01-15T00:00:00,600372,中航电子,13.7,2.44%,0.2,49683,67668494.0,2.44%,13.76,13.43,13.55,13.5,1.96
239,航电转债,600372,2018-01-15T00:00:00,600372,中航电子,13.68,2.44%,0.18,49731,67734158.0,2.44%,13.76,13.43,13.55,13.5,1.96
240,双环转债,2472,2018-01-25T00:00:00,2472,双环传动,5.54,5.62%,-0.33,312778,177219191.0,5.62%,5.85,5.52,5.85,5.87,1.52
241,蒙电转债,600863,2018-01-09T00:00:00,600863,内蒙华电,2.58,1.56%,0.02,55741,14360617.0,1.56%,2.59,2.55,2.55,2.56,0.72
242,蒙电转债,600863,2018-01-09T00:00:00,600863,内蒙华电,2.58,1.56%,0.02,55741,14360617.0,1.56%,2.59,2.55,2.55,2.56,0.72
243,蒙电转债,600863,2018-01-09T00:00:00,600863,内蒙华电,2.57,1.56%,0.01,56075,14446517.0,1.56%,2.59,2.55,2.55,2.56,0.71
244,蒙电转债,600863,2018-01-09T00:00:00,600863,内蒙华电,2.56,1.56%,0.0,56241,14489031.0,1.56%,2.59,2.55,2.55,2.56,0.71
245,蒙电转债,600863,2018-01-09T00:00:00,600863,内蒙华电,2.56,1.56%,0.0,56241,14489031.0,1.56%,2.59,2.55,2.55,2.56,0.7
246,太阳转债,2078,2018-01-16T00:00:00,2078,太阳纸业,8.34,3.17%,-0.17,157987,132545914.0,3.17%,8.57,8.3,8.55,8.51,1.0
247,铁汉转债,300197,2018-01-26T00:00:00,300197,铁汉生态,2.99,2.93%,-0.08,241164,72699214.0,2.93%,3.07,2.98,3.07,3.07,0.67
248,崇达转债,2815,2018-01-22T00:00:00,2815,崇达技术,16.93,1.74%,-0.28,39102,66562765.0,1.74%,17.23,16.93,17.21,17.21,0.85
249,泰晶转债,603738,2018-01-02T00:00:00,603738,泰晶科技,24.49,3.15%,-0.59,52697,129828402.0,3.15%,25.09,24.3,25.09,25.08,1.25
250,蓝思转债,300433,2018-01-17T00:00:00,300433,蓝思科技,16.71,2.25%,-0.15,257120,429991056.0,2.25%,16.94,16.56,16.93,16.86,0.69
251,特一转债,2728,2017-12-28T00:00:00,2728,特一药业,16.07,1.93%,0.03,18512,29803284.0,1.93%,16.26,15.95,16.21,16.04,1.81
252,特一转债,2728,2017-12-28T00:00:00,2728,特一药业,16.06,1.93%,0.02,18515,29808102.0,1.93%,16.26,15.95,16.21,16.04,1.81
253,亚太转债,2284,2017-12-26T00:00:00,2284,亚太股份,4.71,1.91%,0.01,28011,13253291.0,1.91%,4.78,4.69,4.73,4.7,1.08
254,众信转债,2707,2017-12-28T00:00:00,2707,众信旅游,4.67,3.59%,-0.07,76006,35846029.0,3.59%,4.83,4.66,4.79,4.74,1.21
255,国祯转债,300388,2017-12-25T00:00:00,300388,国祯环保,10.33,0.77%,-0.09,16595,17176770.0,0.77%,10.39,10.31,10.39,10.42,0.55
256,国祯转债,300388,2017-12-25T00:00:00,300388,国祯环保,10.32,0.77%,-0.1,16686,17270682.0,0.77%,10.39,10.31,10.39,10.42,0.54
257,生益转债,600183,2017-12-11T00:00:00,600183,生益科技,31.58,4.12%,0.74,141784,442952336.0,4.12%,31.8,30.53,30.84,30.84,1.26
258,水晶转债,2273,2017-12-12T00:00:00,2273,水晶光电,13.51,2.98%,-0.26,162427,220048503.0,2.98%,13.83,13.42,13.78,13.77,1.03
259,宝信转债,600845,2017-12-05T00:00:00,600845,宝信软件,47.33,3.54%,-1.2,37246,178483367.0,3.54%,48.93,47.21,48.54,48.53,0.8
260,济川转债,600566,2017-11-29T00:00:00,600566,济川药业,22.57,3.09%,-0.06,62167,141711026.0,3.09%,23.15,22.45,22.7,22.63,1.85
261,时达转债,2527,2017-12-04T00:00:00,2527,新时达,5.16,1.55%,0.0,17196,8885981.0,1.55%,5.23,5.15,5.18,5.16,0.69
262,金禾转债,2597,2017-11-27T00:00:00,2597,金禾实业,20.42,3.85%,-0.08,58063,118766857.0,3.85%,20.85,20.06,20.34,20.5,1.45
263,国君转债,601211,2017-07-24T00:00:00,601211,国泰君安,16.71,0.83%,-0.07,62979,105496689.0,0.83%,16.83,16.69,16.82,16.78,0.58
264,久其转债,2279,2017-06-27T00:00:00,2279,久其软件,6.73,5.11%,-0.31,247761,168169585.0,5.11%,7.03,6.67,6.99,7.04,1.3
265,模塑转债,700,2017-06-26T00:00:00,700,模塑科技,8.52,3.11%,-0.15,180084,154813206.0,3.11%,8.77,8.5,8.75,8.67,0.96
266,永东转债,2753,2017-05-12T00:00:00,2753,永东股份,6.88,1.75%,0.03,2963,2045096.0,1.75%,6.93,6.81,6.81,6.85,0.99
267,骆驼转债,601311,2017-04-13T00:00:00,601311,骆驼股份,8.65,0.81%,-0.02,23999,20777559.0,0.81%,8.7,8.63,8.7,8.67,0.73
268,光大转债,601818,2017-04-05T00:00:00,601818,光大银行,3.59,0.83%,-0.01,348499,125293853.0,0.83%,3.61,3.58,3.6,3.6,0.95
269,海印转债,861,2016-07-01T00:00:00,861,海印股份,2.85,4.29%,0.05,176760,50346801.0,4.29%,2.9,2.78,2.8,2.8,1.28
270,辉丰转债,2496,2016-05-17T00:00:00,2496,辉丰股份,2.51,1.97%,-0.03,77449,19394952.0,1.97%,2.53,2.48,2.51,2.54,1.38
271,江南转债,601199,2016-04-05T00:00:00,601199,江南水务,4.12,2.92%,0.01,74037,30391631.0,2.92%,4.18,4.06,4.08,4.11,1.02
272,白云转债,600004,2016-03-15T00:00:00,600004,白云机场,14.96,3.9%,0.33,70701,105006246.0,3.9%,15.1,14.53,14.55,14.63,1.34
273,顺昌转债,2245,2016-02-23T00:00:00,2245,澳洋顺昌,3.92,1.77%,-0.04,34554,13584730.0,1.77%,3.98,3.91,3.96,3.96,0.92
274,顺昌转债,2245,2016-02-23T00:00:00,2245,澳洋顺昌,3.91,1.77%,-0.05,35145,13815812.0,1.77%,3.98,3.91,3.96,3.96,0.93
275,顺昌转债,2245,2016-02-23T00:00:00,2245,澳洋顺昌,3.91,1.77%,-0.05,35145,13815812.0,1.77%,3.98,3.91,3.96,3.96,0.93
276,国贸转债,600755,2016-01-19T00:00:00,600755,厦门国贸,6.24,0.8%,-0.04,33976,21283006.0,0.8%,6.29,6.24,6.27,6.28,0.86
277,国贸转债,600755,2016-01-19T00:00:00,600755,厦门国贸,6.24,0.8%,-0.04,33976,21283006.0,0.8%,6.29,6.24,6.27,6.28,0.86
278,蓝标转债,300058,2016-01-08T00:00:00,300058,蓝色光标,6.52,4.3%,-0.23,566654,372545904.0,4.3%,6.77,6.48,6.71,6.75,0.88
279,航信转债,600271,2015-06-30T00:00:00,600271,航天信息,19.57,1.57%,-0.15,64950,127367318.0,1.57%,19.83,19.52,19.83,19.72,0.9
280,航信转债,600271,2015-06-30T00:00:00,600271,航天信息,19.56,1.57%,-0.16,65040,127543422.0,1.57%,19.83,19.52,19.83,19.72,0.9
281,格力转债,600185,2015-01-13T00:00:00,600185,格力地产,4.73,4.32%,0.1,71871,34146951.0,4.32%,4.82,4.62,4.62,4.63,2.3
282,洛钼转债,603993,2014-12-16T00:00:00,603993,洛阳钼业,3.47,1.72%,-0.01,346563,120846527.0,1.72%,3.52,3.46,3.5,3.48,0.91
283,浙能转债,600023,2014-10-28T00:00:00,600023,浙能电力,3.4,0.88%,-0.01,50532,17210790.0,0.88%,3.42,3.39,3.42,3.41,0.76
284,齐峰转债,2521,2014-10-10T00:00:00,2521,齐峰新材,5.65,2.52%,0.1,48686,27325294.0,2.52%,5.67,5.53,5.56,5.55,1.9
285,通鼎转债,2491,2014-09-05T00:00:00,2491,通鼎互联,5.73,2.56%,-0.12,85982,49545146.0,2.56%,5.87,5.72,5.85,5.85,1.44
286,通鼎转债,2491,2014-09-05T00:00:00,2491,通鼎互联,5.73,2.56%,-0.12,85982,49545146.0,2.56%,5.87,5.72,5.85,5.85,1.44
287,冠城转债,600067,2014-08-01T00:00:00,600067,冠城大通,3.52,1.15%,0.03,13069,4594787.0,1.15%,3.54,3.5,3.51,3.49,0.74
288,东方转债,600875,2014-07-25T00:00:00,600875,东方电气,8.9,1.45%,-0.07,43583,38790748.0,1.45%,8.98,8.85,8.97,8.97,0.68
289,东方转债,600875,2014-07-25T00:00:00,600875,东方电气,8.89,1.45%,-0.08,43633,38835212.0,1.45%,8.98,8.85,8.97,8.97,0.68
290,国金转债,600109,2014-06-03T00:00:00,600109,国金证券,9.23,1.29%,-0.08,131918,122164847.0,1.29%,9.32,9.2,9.3,9.31,0.63
291,国金转债,600109,2014-06-03T00:00:00,600109,国金证券,9.21,1.29%,-0.1,133446,123572862.0,1.29%,9.32,9.2,9.3,9.31,0.63
292,平安转债,601318,2013-12-09T00:00:00,601318,中国平安,71.94,1.36%,-0.13,198762,1436279776.0,1.36%,72.8,71.82,72.39,72.07,0.79
293,隧道转债,600820,2013-09-30T00:00:00,600820,隧道股份,5.68,1.4%,-0.04,45580,25992526.0,1.4%,5.75,5.67,5.74,5.72,0.66
294,华天转债,2185,2013-08-28T00:00:00,2185,华天科技,12.19,3.05%,-0.26,1223085,1492648400.0,3.05%,12.43,12.05,12.43,12.45,0.76
295,东华转债,2065,2013-08-19T00:00:00,2065,东华软件,13.5,2.34%,-0.18,272830,369952416.0,2.34%,13.75,13.43,13.69,13.68,0.86
296,东华转债,2065,2013-08-19T00:00:00,2065,东华软件,13.49,2.34%,-0.19,272892,370036096.0,2.34%,13.75,13.43,13.69,13.68,0.86
297,民生转债,600016,2013-03-29T00:00:00,600016,民生银行,5.67,0.7%,-0.03,280460,159432453.0,0.7%,5.71,5.67,5.71,5.7,0.87
298,泰尔转债,2347,2013-01-28T00:00:00,2347,泰尔股份,4.22,1.42%,-0.02,14700,6225306.0,1.42%,4.27,4.21,4.24,4.24,0.82
299,海直转债,99,2013-01-07T00:00:00,99,中信海直,6.73,2.77%,-0.13,160191,108200399.0,2.77%,6.87,6.68,6.72,6.86,2.92
300,南山转债,600219,2012-10-31T00:00:00,600219,南山铝业,2.07,0.96%,-0.01,167322,34609405.0,0.96%,2.08,2.06,2.08,2.08,1.04
301,南山转债,600219,2008-05-13T00:00:00,600219,南山铝业,2.07,0.96%,-0.01,167322,34609405.0,0.96%,2.08,2.06,2.08,2.08,1.04
302,重工转债,601989,2012-06-18T00:00:00,601989,中国重工,4.3,2.83%,0.06,798333,342008832.0,2.83%,4.35,4.23,4.25,4.24,3.49
303,恒丰转债,600356,2012-04-12T00:00:00,600356,恒丰纸业,6.55,0.91%,-0.04,6717,4404369.0,0.91%,6.6,6.54,6.6,6.59,0.92
304,国电转债,600795,2011-09-02T00:00:00,600795,国电电力,2.02,0.5%,0.0,124874,25133384.0,0.5%,2.02,2.01,2.02,2.02,0.34
305,08国电债,600795,2008-05-22T00:00:00,600795,国电电力,2.02,0.5%,0.0,124874,25133384.0,0.5%,2.02,2.01,2.02,2.02,0.34
306,中海转债,600026,2011-08-12T00:00:00,600026,中远海能,9.16,9.84%,0.32,396178,356919120.0,9.84%,9.37,8.5,8.6,8.84,2.18
307,中海转债,600026,2007-07-12T00:00:00,600026,中远海能,9.16,9.84%,0.32,396178,356919120.0,9.84%,9.37,8.5,8.6,8.84,2.18
308,巨轮转2,2031,2011-08-04T00:00:00,2031,巨轮智能,1.92,1.55%,-0.02,65053,12532352.0,1.55%,1.95,1.92,1.94,1.94,0.72
309,深机转债,89,2011-08-10T00:00:00,89,深圳机场,7.88,1.8%,0.1,67055,52669607.0,1.8%,7.92,7.78,7.79,7.78,1.49
310,石化转债,600028,2011-03-07T00:00:00,600028,中国石化,4.57,2.0%,0.06,846210,386217424.0,2.0%,4.61,4.52,4.52,4.51,1.56
311,石化转债,600028,2011-03-07T00:00:00,600028,中国石化,4.56,2.0%,0.05,846316,386265776.0,2.0%,4.61,4.52,4.52,4.51,1.56
312,08石化债,600028,2008-03-04T00:00:00,600028,中国石化,4.57,2.0%,0.06,846210,386217424.0,2.0%,4.61,4.52,4.52,4.51,1.56
313,08石化债,600028,2008-03-04T00:00:00,600028,中国石化,4.56,2.0%,0.05,846316,386265776.0,2.0%,4.61,4.52,4.52,4.51,1.56
314,海运转债,600798,2011-01-20T00:00:00,600798,宁波海运,3.22,4.09%,0.04,119088,38300589.0,4.09%,3.28,3.15,3.17,3.18,3.26
315,海运转债,600798,2011-01-20T00:00:00,600798,宁波海运,3.22,4.09%,0.04,119088,38300589.0,4.09%,3.28,3.15,3.17,3.18,3.26
316,歌华转债,600037,2010-12-10T00:00:00,600037,歌华有线,8.67,1.37%,-0.06,33869,29398853.0,1.37%,8.76,8.64,8.76,8.73,1.26
317,燕京转债,729,2010-11-03T00:00:00,729,燕京啤酒,5.95,2.19%,0.02,53879,32216951.0,2.19%,6.04,5.91,5.92,5.93,1.57
318,中行转债,601988,2010-06-18T00:00:00,601988,中国银行,3.45,1.98%,-0.08,1233617,426772208.0,1.98%,3.49,3.42,3.49,3.53,3.17
319,王府转债,600859,2009-10-30T00:00:00,600859,王府井,12.3,0.73%,0.0,9852,12103439.0,0.73%,12.33,12.24,12.32,12.3,0.79
320,王府转债,600859,2009-10-30T00:00:00,600859,王府井,12.3,0.73%,0.0,9859,12112049.0,0.73%,12.33,12.24,12.32,12.3,0.79
321,博汇转债,600966,2009-10-16T00:00:00,600966,博汇纸业,7.22,1.79%,-0.03,55605,40110712.0,1.79%,7.28,7.15,7.21,7.25,0.87
322,安泰转债,969,2009-10-12T00:00:00,969,安泰科技,5.83,2.04%,-0.06,39361,23001842.0,2.04%,5.91,5.79,5.9,5.89,1.28
323,龙盛转债,600352,2009-09-25T00:00:00,600352,浙江龙盛,11.94,1.74%,-0.14,210811,252798088.0,1.74%,12.12,11.91,12.0,12.08,1.25
324,西洋转债,600558,2009-09-21T00:00:00,600558,大西洋,3.09,2.3%,0.04,94815,29191341.0,2.3%,3.11,3.04,3.06,3.05,2.15
325,厦工转债,600815,2009-09-11T00:00:00,600815,*ST厦工,2.39,1.69%,0.03,24209,5780191.0,1.69%,2.4,2.36,2.38,2.36,1.64
326,09长虹债,600839,2009-08-19T00:00:00,600839,四川长虹,2.71,1.47%,-0.02,193721,52673638.0,1.47%,2.74,2.7,2.74,2.73,0.81
327,08葛洲债,600068,2008-07-11T00:00:00,600068,葛洲坝,6.7,2.22%,-0.05,174523,117285322.0,2.22%,6.82,6.67,6.8,6.75,0.6
328,08宝钢债,600019,2008-07-04T00:00:00,600019,宝钢股份,4.85,0.83%,0.02,147511,71326155.0,0.83%,4.85,4.81,4.85,4.83,1.18
329,08康美债,600518,2008-05-26T00:00:00,600518,ST康美,3.04,1.99%,0.02,94823,28848032.0,1.99%,3.07,3.01,3.02,3.02,1.08
330,柳工转债,528,2008-05-06T00:00:00,528,柳    工,6.73,1.91%,-0.08,100775,68038218.0,1.91%,6.84,6.71,6.83,6.81,0.81
331,08青啤债,600600,2008-04-18T00:00:00,600600,青岛啤酒,47.18,1.99%,0.39,24308,114764665.0,1.99%,47.65,46.72,46.79,46.79,1.08
332,五洲转债,600368,2008-03-14T00:00:00,600368,五洲交通,3.87,3.4%,0.05,117848,45427418.0,3.4%,3.92,3.79,3.85,3.82,3.72
333,五洲转债,600368,2008-03-14T00:00:00,600368,五洲交通,3.86,3.4%,0.04,118868,45821215.0,3.4%,3.92,3.79,3.85,3.82,3.75
334,08上港债,600018,2008-03-07T00:00:00,600018,上港集团,4.29,1.4%,0.01,94938,40749283.0,1.4%,4.32,4.26,4.27,4.28,1.54
335,中兴债1,63,2008-02-22T00:00:00,63,中兴通讯,40.07,2.68%,-0.53,334696,1352427696.0,2.68%,41.09,40.0,41.0,40.6,0.91
336,08赣粤债,600269,2008-02-28T00:00:00,600269,赣粤高速,3.54,0.56%,0.0,28403,10054590.0,0.56%,3.55,3.53,3.55,3.54,1.06
337,08赣粤债,600269,2008-02-28T00:00:00,600269,赣粤高速,3.54,0.56%,0.0,28403,10054590.0,0.56%,3.55,3.53,3.55,3.54,1.06
338,08中远债,600428,2008-02-26T00:00:00,600428,中远海特,3.25,3.42%,0.03,73625,23891854.0,3.42%,3.29,3.18,3.19,3.22,2.52
339,海马转债,572,2008-01-30T00:00:00,572,*ST 海马,2.03,0.99%,0.0,32523,6600033.0,0.99%,2.04,2.02,2.03,2.03,0.71
340,08上汽债,600104,2008-01-08T00:00:00,600104,上汽集团,18.45,1.35%,-0.1,70216,130168100.0,1.35%,18.65,18.4,18.65,18.55,0.72
341,08上汽债,600104,2008-01-08T00:00:00,600104,上汽集团,18.44,1.35%,-0.11,70335,130387543.0,1.35%,18.65,18.4,18.65,18.55,0.72
342,08上汽债,600104,2008-01-08T00:00:00,600104,上汽集团,18.43,1.35%,-0.12,70349,130413352.0,1.35%,18.65,18.4,18.65,18.55,0.72
343,大荒转债,600598,2007-12-28T00:00:00,600598,北大荒,17.01,4.0%,0.28,550049,925490784.0,4.0%,17.12,16.45,16.71,16.73,2.31
344,07日照债,600017,2007-12-12T00:00:00,600017,日照港,2.45,2.05%,0.01,79711,19504596.0,2.05%,2.47,2.42,2.44,2.44,2.63
345,赤化转债,600227,2007-10-23T00:00:00,600227,圣济堂,3.21,3.43%,0.0,86951,28247188.0,3.43%,3.3,3.19,3.2,3.21,1.38
346,07深高债,600548,2007-10-30T00:00:00,600548,深高速,9.19,1.2%,0.03,10224,9405520.0,1.2%,9.24,9.13,9.2,9.16,0.77
347,恒源转债,600971,2007-10-12T00:00:00,600971,恒源煤电,4.7,1.27%,-0.02,18701,8783867.0,1.27%,4.73,4.67,4.72,4.72,1.09
